Population,Time Period,Anger,Joy,Disgust,Fear,Sadness,Neutral,Surprise
All,Peak,0.047870987,0.068625803,0.038629312,0.083807529,0.1819184,0.093172052,0.485975916
All,Pre,0.045595315,0.078424033,0.039197328,0.080584381,0.186482325,0.086969156,0.482747462
All,School Opening,0.044167804,0.081193681,0.036808147,0.080987443,0.18637937,0.09418188,0.476281675
Rural,Peak,0.045921185,0.066889342,0.042523046,0.077166797,0.176270053,0.085557069,0.505672507
Rural,Pre,0.046326462,0.079421694,0.040656484,0.072428599,0.183747038,0.083299056,0.494120669
Rural,School Opening,0.044420648,0.079785874,0.03996808,0.074884141,0.182785933,0.086365453,0.49178987
Urban,Peak,0.049440244,0.070023358,0.035495521,0.089152184,0.186464356,0.099300813,0.470123526
Urban,Pre,0.044937524,0.077526468,0.037884569,0.087921895,0.188943181,0.090271035,0.472515328
Urban,School Opening,0.043975678,0.082263415,0.034407042,0.085625093,0.189109876,0.100121265,0.464497631