anger,joy,disgust,fear,surprise,sadness,neutral
0.044167804278129684,0.08119368056004315,0.03680814654543579,0.0809874428551558,0.1863793697881888,0.09418188022922157,0.476281675482395
