anger,joy,disgust,fear,surprise,sadness,neutral
0.04787098670002871,0.06862580335274784,0.03862931184167866,0.08380752918722684,0.1819184004551624,0.09317205210792007,0.48597591640810256
