anger,joy,disgust,fear,surprise,sadness,neutral
0.045595314999966566,0.07842403332776911,0.039197327826749256,0.08058438136795525,0.18648232488520766,0.08696915580645777,0.4827474621587854
