anger,joy,disgust,fear,surprise,sadness,neutral
0.045921185487035165,0.06688934244186959,0.0425230463685961,0.07716679680601646,0.17627005267213183,0.08555706870505132,0.5056725072747609
