anger,joy,disgust,fear,surprise,sadness,neutral
0.044420648197872385,0.0797858742623487,0.03996808040401449,0.074884141308249,0.1827859325033101,0.08636545306348277,0.4917898697990646
