anger,joy,disgust,fear,surprise,sadness,neutral
0.046326462190328536,0.07942169373709342,0.040656483565251485,0.07242859880994858,0.18374703765956765,0.08329905597170448,0.494120668743309
