anger,joy,disgust,fear,surprise,sadness,neutral
0.04397567848684705,0.08226341519788798,0.03440704157285817,0.08562509299255773,0.18910987634924986,0.1001212647149107,0.4644976305764032
