anger,joy,disgust,fear,surprise,sadness,neutral
0.044937523698687094,0.07752646803922636,0.037884568966903794,0.08792189547250605,0.18894318114950667,0.09027103506955494,0.47251532770272553
