anger,joy,disgust,fear,surprise,sadness,neutral
0.04944024358991223,0.07002335774457503,0.03549552071824336,0.08915218431085736,0.18646435550735482,0.09930081287166669,0.4701235255496184
